date_日期,price_价格,title_名称,lowerPrice_最低价格,lowerDate_最低价格日期,itemurl_商品链接
2021-03-04,3399.0,京品手机realme 真我GT 骁龙888 120Hz屏幕 65W闪充 12GB+256GB 曙光 5g游戏手机,2899.0,2021-09-09,http://item.jd.com/100010395381.html
2021-03-04,3399.0,京品手机realme 真我GT 骁龙888 120Hz屏幕 65W闪充 12GB+256GB 曙光 5g游戏手机,2899.0,2021-09-09,http://item.jd.com/100010395381.html
2021-03-05,3299.0,京品手机realme 真我GT 骁龙888 120Hz屏幕 65W闪充 12GB+256GB 曙光 5g游戏手机,2899.0,2021-09-09,http://item.jd.com/100010395381.html
2021-03-05,3299.0,京品手机realme 真我GT 骁龙888 120Hz屏幕 65W闪充 12GB+256GB 曙光 5g游戏手机,2899.0,2021-09-09,http://item.jd.com/100010395381.html
2021-03-06,3299.0,京品手机realme 真我GT 骁龙888 120Hz屏幕 65W闪充 12GB+256GB 曙光 5g游戏手机,2899.0,2021-09-09,http://item.jd.com/100010395381.html
2021-03-07,3299.0,京品手机realme 真我GT 骁龙888 120Hz屏幕 65W闪充 12GB+256GB 曙光 5g游戏手机,2899.0,2021-09-09,http://item.jd.com/100010395381.html
2021-03-08,3299.0,京品手机realme 真我GT 骁龙888 120Hz屏幕 65W闪充 12GB+256GB 曙光 5g游戏手机,2899.0,2021-09-09,http://item.jd.com/100010395381.html
2021-03-08,3299.0,京品手机realme 真我GT 骁龙888 120Hz屏幕 65W闪充 12GB+256GB 曙光 5g游戏手机,2899.0,2021-09-09,http://item.jd.com/100010395381.html
2021-03-09,3299.0,京品手机realme 真我GT 骁龙888 120Hz屏幕 65W闪充 12GB+256GB 曙光 5g游戏手机,2899.0,2021-09-09,http://item.jd.com/100010395381.html
2021-03-09,3299.0,京品手机realme 真我GT 骁龙888 120Hz屏幕 65W闪充 12GB+256GB 曙光 5g游戏手机,2899.0,2021-09-09,http://item.jd.com/100010395381.html
2021-03-10,3299.0,京品手机realme 真我GT 骁龙888 120Hz屏幕 65W闪充 12GB+256GB 曙光 5g游戏手机,2899.0,2021-09-09,http://item.jd.com/100010395381.html
2021-03-10,3299.0,京品手机realme 真我GT 骁龙888 120Hz屏幕 65W闪充 12GB+256GB 曙光 5g游戏手机,2899.0,2021-09-09,http://item.jd.com/100010395381.html
2021-03-11,3299.0,京品手机realme 真我GT 骁龙888 120Hz屏幕 65W闪充 12GB+256GB 曙光 5g游戏手机,2899.0,2021-09-09,http://item.jd.com/100010395381.html
2021-03-11,3299.0,京品手机realme 真我GT 骁龙888 120Hz屏幕 65W闪充 12GB+256GB 曙光 5g游戏手机,2899.0,2021-09-09,http://item.jd.com/100010395381.html
2021-03-12,3299.0,京品手机realme 真我GT 骁龙888 120Hz屏幕 65W闪充 12GB+256GB 曙光 5g游戏手机,2899.0,2021-09-09,http://item.jd.com/100010395381.html
2021-03-12,3299.0,京品手机realme 真我GT 骁龙888 120Hz屏幕 65W闪充 12GB+256GB 曙光 5g游戏手机,2899.0,2021-09-09,http://item.jd.com/100010395381.html
2021-03-13,3299.0,京品手机realme 真我GT 骁龙888 120Hz屏幕 65W闪充 12GB+256GB 曙光 5g游戏手机,2899.0,2021-09-09,http://item.jd.com/100010395381.html
2021-03-13,3299.0,京品手机realme 真我GT 骁龙888 120Hz屏幕 65W闪充 12GB+256GB 曙光 5g游戏手机,2899.0,2021-09-09,http://item.jd.com/100010395381.html
2021-03-14,3299.0,京品手机realme 真我GT 骁龙888 120Hz屏幕 65W闪充 12GB+256GB 曙光 5g游戏手机,2899.0,2021-09-09,http://item.jd.com/100010395381.html
2021-03-14,3299.0,京品手机realme 真我GT 骁龙888 120Hz屏幕 65W闪充 12GB+256GB 曙光 5g游戏手机,2899.0,2021-09-09,http://item.jd.com/100010395381.html
2021-03-15,3299.0,京品手机realme 真我GT 骁龙888 120Hz屏幕 65W闪充 12GB+256GB 曙光 5g游戏手机,2899.0,2021-09-09,http://item.jd.com/100010395381.html
2021-03-15,3299.0,京品手机realme 真我GT 骁龙888 120Hz屏幕 65W闪充 12GB+256GB 曙光 5g游戏手机,2899.0,2021-09-09,http://item.jd.com/100010395381.html
2021-03-16,3299.0,京品手机realme 真我GT 骁龙888 120Hz屏幕 65W闪充 12GB+256GB 曙光 5g游戏手机,2899.0,2021-09-09,http://item.jd.com/100010395381.html
2021-03-17,3299.0,京品手机realme 真我GT 骁龙888 120Hz屏幕 65W闪充 12GB+256GB 曙光 5g游戏手机,2899.0,2021-09-09,http://item.jd.com/100010395381.html
2021-03-18,3299.0,京品手机realme 真我GT 骁龙888 120Hz屏幕 65W闪充 12GB+256GB 曙光 5g游戏手机,2899.0,2021-09-09,http://item.jd.com/100010395381.html
2021-03-18,3299.0,京品手机realme 真我GT 骁龙888 120Hz屏幕 65W闪充 12GB+256GB 曙光 5g游戏手机,2899.0,2021-09-09,http://item.jd.com/100010395381.html
2021-03-19,3299.0,京品手机realme 真我GT 骁龙888 120Hz屏幕 65W闪充 12GB+256GB 曙光 5g游戏手机,2899.0,2021-09-09,http://item.jd.com/100010395381.html
2021-03-19,3299.0,京品手机realme 真我GT 骁龙888 120Hz屏幕 65W闪充 12GB+256GB 曙光 5g游戏手机,2899.0,2021-09-09,http://item.jd.com/100010395381.html
2021-03-20,3299.0,京品手机realme 真我GT 骁龙888 120Hz屏幕 65W闪充 12GB+256GB 曙光 5g游戏手机,2899.0,2021-09-09,http://item.jd.com/100010395381.html
2021-03-20,3299.0,京品手机realme 真我GT 骁龙888 120Hz屏幕 65W闪充 12GB+256GB 曙光 5g游戏手机,2899.0,2021-09-09,http://item.jd.com/100010395381.html
2021-03-21,3299.0,京品手机realme 真我GT 骁龙888 120Hz屏幕 65W闪充 12GB+256GB 曙光 5g游戏手机,2899.0,2021-09-09,http://item.jd.com/100010395381.html
2021-03-21,3299.0,京品手机realme 真我GT 骁龙888 120Hz屏幕 65W闪充 12GB+256GB 曙光 5g游戏手机,2899.0,2021-09-09,http://item.jd.com/100010395381.html
2021-03-22,3399.0,京品手机realme 真我GT 骁龙888 120Hz屏幕 65W闪充 12GB+256GB 曙光 5g游戏手机,2899.0,2021-09-09,http://item.jd.com/100010395381.html
2021-03-22,3399.0,京品手机realme 真我GT 骁龙888 120Hz屏幕 65W闪充 12GB+256GB 曙光 5g游戏手机,2899.0,2021-09-09,http://item.jd.com/100010395381.html
2021-03-23,3399.0,京品手机realme 真我GT 骁龙888 120Hz屏幕 65W闪充 12GB+256GB 曙光 5g游戏手机,2899.0,2021-09-09,http://item.jd.com/100010395381.html
2021-03-23,3399.0,京品手机realme 真我GT 骁龙888 120Hz屏幕 65W闪充 12GB+256GB 曙光 5g游戏手机,2899.0,2021-09-09,http://item.jd.com/100010395381.html
2021-03-24,3399.0,京品手机realme 真我GT 骁龙888 120Hz屏幕 65W闪充 12GB+256GB 曙光 5g游戏手机,2899.0,2021-09-09,http://item.jd.com/100010395381.html
2021-03-24,3399.0,京品手机realme 真我GT 骁龙888 120Hz屏幕 65W闪充 12GB+256GB 曙光 5g游戏手机,2899.0,2021-09-09,http://item.jd.com/100010395381.html
2021-03-25,3399.0,京品手机realme 真我GT 骁龙888 120Hz屏幕 65W闪充 12GB+256GB 曙光 5g游戏手机,2899.0,2021-09-09,http://item.jd.com/100010395381.html
2021-03-25,3399.0,京品手机realme 真我GT 骁龙888 120Hz屏幕 65W闪充 12GB+256GB 曙光 5g游戏手机,2899.0,2021-09-09,http://item.jd.com/100010395381.html
2021-03-26,3399.0,京品手机realme 真我GT 骁龙888 120Hz屏幕 65W闪充 12GB+256GB 曙光 5g游戏手机,2899.0,2021-09-09,http://item.jd.com/100010395381.html
2021-03-26,3399.0,京品手机realme 真我GT 骁龙888 120Hz屏幕 65W闪充 12GB+256GB 曙光 5g游戏手机,2899.0,2021-09-09,http://item.jd.com/100010395381.html
2021-03-27,3399.0,京品手机realme 真我GT 骁龙888 120Hz屏幕 65W闪充 12GB+256GB 曙光 5g游戏手机,2899.0,2021-09-09,http://item.jd.com/100010395381.html
2021-03-27,3399.0,京品手机realme 真我GT 骁龙888 120Hz屏幕 65W闪充 12GB+256GB 曙光 5g游戏手机,2899.0,2021-09-09,http://item.jd.com/100010395381.html
2021-03-28,3399.0,京品手机realme 真我GT 骁龙888 120Hz屏幕 65W闪充 12GB+256GB 曙光 5g游戏手机,2899.0,2021-09-09,http://item.jd.com/100010395381.html
2021-03-27,3399.0,京品手机realme 真我GT 骁龙888 120Hz屏幕 65W闪充 12GB+256GB 曙光 5g游戏手机,2899.0,2021-09-09,http://item.jd.com/100010395381.html
2021-03-28,3399.0,京品手机realme 真我GT 骁龙888 120Hz屏幕 65W闪充 12GB+256GB 曙光 5g游戏手机,2899.0,2021-09-09,http://item.jd.com/100010395381.html
2021-03-27,3399.0,京品手机realme 真我GT 骁龙888 120Hz屏幕 65W闪充 12GB+256GB 曙光 5g游戏手机,2899.0,2021-09-09,http://item.jd.com/100010395381.html
2021-03-28,3399.0,京品手机realme 真我GT 骁龙888 120Hz屏幕 65W闪充 12GB+256GB 曙光 5g游戏手机,2899.0,2021-09-09,http://item.jd.com/100010395381.html
2021-03-27,3399.0,京品手机realme 真我GT 骁龙888 120Hz屏幕 65W闪充 12GB+256GB 曙光 5g游戏手机,2899.0,2021-09-09,http://item.jd.com/100010395381.html
2021-03-28,3399.0,京品手机realme 真我GT 骁龙888 120Hz屏幕 65W闪充 12GB+256GB 曙光 5g游戏手机,2899.0,2021-09-09,http://item.jd.com/100010395381.html
2021-03-31,3399.0,京品手机realme 真我GT 骁龙888 120Hz屏幕 65W闪充 12GB+256GB 曙光 5g游戏手机,2899.0,2021-09-09,http://item.jd.com/100010395381.html
2021-04-01,3399.0,京品手机realme 真我GT 骁龙888 120Hz屏幕 65W闪充 12GB+256GB 曙光 5g游戏手机,2899.0,2021-09-09,http://item.jd.com/100010395381.html
2021-04-01,3399.0,京品手机realme 真我GT 骁龙888 120Hz屏幕 65W闪充 12GB+256GB 曙光 5g游戏手机,2899.0,2021-09-09,http://item.jd.com/100010395381.html
2021-04-02,3399.0,京品手机realme 真我GT 骁龙888 120Hz屏幕 65W闪充 12GB+256GB 曙光 5g游戏手机,2899.0,2021-09-09,http://item.jd.com/100010395381.html
2021-04-02,3399.0,京品手机realme 真我GT 骁龙888 120Hz屏幕 65W闪充 12GB+256GB 曙光 5g游戏手机,2899.0,2021-09-09,http://item.jd.com/100010395381.html
2021-04-03,3399.0,京品手机realme 真我GT 骁龙888 120Hz屏幕 65W闪充 12GB+256GB 曙光 5g游戏手机,2899.0,2021-09-09,http://item.jd.com/100010395381.html
2021-04-03,3399.0,京品手机realme 真我GT 骁龙888 120Hz屏幕 65W闪充 12GB+256GB 曙光 5g游戏手机,2899.0,2021-09-09,http://item.jd.com/100010395381.html
2021-04-04,3399.0,京品手机realme 真我GT 骁龙888 120Hz屏幕 65W闪充 12GB+256GB 曙光 5g游戏手机,2899.0,2021-09-09,http://item.jd.com/100010395381.html
2021-04-04,3399.0,京品手机realme 真我GT 骁龙888 120Hz屏幕 65W闪充 12GB+256GB 曙光 5g游戏手机,2899.0,2021-09-09,http://item.jd.com/100010395381.html
2021-04-05,3399.0,京品手机realme 真我GT 骁龙888 120Hz屏幕 65W闪充 12GB+256GB 曙光 5g游戏手机,2899.0,2021-09-09,http://item.jd.com/100010395381.html
2021-04-05,3399.0,京品手机realme 真我GT 骁龙888 120Hz屏幕 65W闪充 12GB+256GB 曙光 5g游戏手机,2899.0,2021-09-09,http://item.jd.com/100010395381.html
2021-04-06,3399.0,京品手机realme 真我GT 骁龙888 120Hz屏幕 65W闪充 12GB+256GB 曙光 5g游戏手机,2899.0,2021-09-09,http://item.jd.com/100010395381.html
2021-04-06,3399.0,京品手机realme 真我GT 骁龙888 120Hz屏幕 65W闪充 12GB+256GB 曙光 5g游戏手机,2899.0,2021-09-09,http://item.jd.com/100010395381.html
2021-04-07,3399.0,京品手机realme 真我GT 骁龙888 120Hz屏幕 65W闪充 12GB+256GB 曙光 5g游戏手机,2899.0,2021-09-09,http://item.jd.com/100010395381.html
2021-04-07,3399.0,京品手机realme 真我GT 骁龙888 120Hz屏幕 65W闪充 12GB+256GB 曙光 5g游戏手机,2899.0,2021-09-09,http://item.jd.com/100010395381.html
2021-04-08,3399.0,京品手机realme 真我GT 骁龙888 120Hz屏幕 65W闪充 12GB+256GB 曙光 5g游戏手机,2899.0,2021-09-09,http://item.jd.com/100010395381.html
2021-04-08,3399.0,京品手机realme 真我GT 骁龙888 120Hz屏幕 65W闪充 12GB+256GB 曙光 5g游戏手机,2899.0,2021-09-09,http://item.jd.com/100010395381.html
2021-04-09,3299.0,京品手机realme 真我GT 骁龙888 120Hz屏幕 65W闪充 12GB+256GB 曙光 5g游戏手机,2899.0,2021-09-09,http://item.jd.com/100010395381.html
2021-04-09,3299.0,京品手机realme 真我GT 骁龙888 120Hz屏幕 65W闪充 12GB+256GB 曙光 5g游戏手机,2899.0,2021-09-09,http://item.jd.com/100010395381.html
2021-04-10,3299.0,京品手机realme 真我GT 骁龙888 120Hz屏幕 65W闪充 12GB+256GB 曙光 5g游戏手机,2899.0,2021-09-09,http://item.jd.com/100010395381.html
2021-04-10,3299.0,京品手机realme 真我GT 骁龙888 120Hz屏幕 65W闪充 12GB+256GB 曙光 5g游戏手机,2899.0,2021-09-09,http://item.jd.com/100010395381.html
2021-04-11,3299.0,京品手机realme 真我GT 骁龙888 120Hz屏幕 65W闪充 12GB+256GB 曙光 5g游戏手机,2899.0,2021-09-09,http://item.jd.com/100010395381.html
2021-04-11,3299.0,京品手机realme 真我GT 骁龙888 120Hz屏幕 65W闪充 12GB+256GB 曙光 5g游戏手机,2899.0,2021-09-09,http://item.jd.com/100010395381.html
2021-04-12,3299.0,京品手机realme 真我GT 骁龙888 120Hz屏幕 65W闪充 12GB+256GB 曙光 5g游戏手机,2899.0,2021-09-09,http://item.jd.com/100010395381.html
2021-04-12,3299.0,京品手机realme 真我GT 骁龙888 120Hz屏幕 65W闪充 12GB+256GB 曙光 5g游戏手机,2899.0,2021-09-09,http://item.jd.com/100010395381.html
2021-04-13,3299.0,京品手机realme 真我GT 骁龙888 120Hz屏幕 65W闪充 12GB+256GB 曙光 5g游戏手机,2899.0,2021-09-09,http://item.jd.com/100010395381.html
2021-04-13,3299.0,京品手机realme 真我GT 骁龙888 120Hz屏幕 65W闪充 12GB+256GB 曙光 5g游戏手机,2899.0,2021-09-09,http://item.jd.com/100010395381.html
2021-04-14,3299.0,京品手机realme 真我GT 骁龙888 120Hz屏幕 65W闪充 12GB+256GB 曙光 5g游戏手机,2899.0,2021-09-09,http://item.jd.com/100010395381.html
2021-04-14,3299.0,京品手机realme 真我GT 骁龙888 120Hz屏幕 65W闪充 12GB+256GB 曙光 5g游戏手机,2899.0,2021-09-09,http://item.jd.com/100010395381.html
2021-04-15,3299.0,京品手机realme 真我GT 骁龙888 120Hz屏幕 65W闪充 12GB+256GB 曙光 5g游戏手机,2899.0,2021-09-09,http://item.jd.com/100010395381.html
2021-04-15,3299.0,京品手机realme 真我GT 骁龙888 120Hz屏幕 65W闪充 12GB+256GB 曙光 5g游戏手机,2899.0,2021-09-09,http://item.jd.com/100010395381.html
2021-04-16,3399.0,京品手机realme 真我GT 骁龙888 120Hz屏幕 65W闪充 12GB+256GB 曙光 5g游戏手机,2899.0,2021-09-09,http://item.jd.com/100010395381.html
2021-04-16,3399.0,京品手机realme 真我GT 骁龙888 120Hz屏幕 65W闪充 12GB+256GB 曙光 5g游戏手机,2899.0,2021-09-09,http://item.jd.com/100010395381.html
2021-04-17,3399.0,京品手机realme 真我GT 骁龙888 120Hz屏幕 65W闪充 12GB+256GB 曙光 5g游戏手机,2899.0,2021-09-09,http://item.jd.com/100010395381.html
2021-04-17,3399.0,京品手机realme 真我GT 骁龙888 120Hz屏幕 65W闪充 12GB+256GB 曙光 5g游戏手机,2899.0,2021-09-09,http://item.jd.com/100010395381.html
2021-04-18,3399.0,京品手机realme 真我GT 骁龙888 120Hz屏幕 65W闪充 12GB+256GB 曙光 5g游戏手机,2899.0,2021-09-09,http://item.jd.com/100010395381.html
2021-04-19,3399.0,京品手机realme 真我GT 骁龙888 120Hz屏幕 65W闪充 12GB+256GB 曙光 5g游戏手机,2899.0,2021-09-09,http://item.jd.com/100010395381.html
2021-04-20,3399.0,京品手机realme 真我GT 骁龙888 120Hz屏幕 65W闪充 12GB+256GB 曙光 5g游戏手机,2899.0,2021-09-09,http://item.jd.com/100010395381.html
2021-04-20,3399.0,京品手机realme 真我GT 骁龙888 120Hz屏幕 65W闪充 12GB+256GB 曙光 5g游戏手机,2899.0,2021-09-09,http://item.jd.com/100010395381.html
2021-04-21,3399.0,京品手机realme 真我GT 骁龙888 120Hz屏幕 65W闪充 12GB+256GB 曙光 5g游戏手机,2899.0,2021-09-09,http://item.jd.com/100010395381.html
2021-04-22,3399.0,京品手机realme 真我GT 骁龙888 120Hz屏幕 65W闪充 12GB+256GB 曙光 5g游戏手机,2899.0,2021-09-09,http://item.jd.com/100010395381.html
2021-04-23,3399.0,京品手机realme 真我GT 骁龙888 120Hz屏幕 65W闪充 12GB+256GB 曙光 5g游戏手机,2899.0,2021-09-09,http://item.jd.com/100010395381.html
2021-04-23,3399.0,京品手机realme 真我GT 骁龙888 120Hz屏幕 65W闪充 12GB+256GB 曙光 5g游戏手机,2899.0,2021-09-09,http://item.jd.com/100010395381.html
2021-04-24,3399.0,京品手机realme 真我GT 骁龙888 120Hz屏幕 65W闪充 12GB+256GB 曙光 5g游戏手机,2899.0,2021-09-09,http://item.jd.com/100010395381.html
2021-04-24,3399.0,京品手机realme 真我GT 骁龙888 120Hz屏幕 65W闪充 12GB+256GB 曙光 5g游戏手机,2899.0,2021-09-09,http://item.jd.com/100010395381.html
2021-04-25,3399.0,京品手机realme 真我GT 骁龙888 120Hz屏幕 65W闪充 12GB+256GB 曙光 5g游戏手机,2899.0,2021-09-09,http://item.jd.com/100010395381.html
2021-04-25,3399.0,京品手机realme 真我GT 骁龙888 120Hz屏幕 65W闪充 12GB+256GB 曙光 5g游戏手机,2899.0,2021-09-09,http://item.jd.com/100010395381.html
2021-04-26,3399.0,京品手机realme 真我GT 骁龙888 120Hz屏幕 65W闪充 12GB+256GB 曙光 5g游戏手机,2899.0,2021-09-09,http://item.jd.com/100010395381.html
2021-04-26,3399.0,京品手机realme 真我GT 骁龙888 120Hz屏幕 65W闪充 12GB+256GB 曙光 5g游戏手机,2899.0,2021-09-09,http://item.jd.com/100010395381.html
2021-04-27,3399.0,京品手机realme 真我GT 骁龙888 120Hz屏幕 65W闪充 12GB+256GB 曙光 5g游戏手机,2899.0,2021-09-09,http://item.jd.com/100010395381.html
2021-04-27,3399.0,京品手机realme 真我GT 骁龙888 120Hz屏幕 65W闪充 12GB+256GB 曙光 5g游戏手机,2899.0,2021-09-09,http://item.jd.com/100010395381.html
2021-04-28,3399.0,京品手机realme 真我GT 骁龙888 120Hz屏幕 65W闪充 12GB+256GB 曙光 5g游戏手机,2899.0,2021-09-09,http://item.jd.com/100010395381.html
2021-04-28,3399.0,京品手机realme 真我GT 骁龙888 120Hz屏幕 65W闪充 12GB+256GB 曙光 5g游戏手机,2899.0,2021-09-09,http://item.jd.com/100010395381.html
2021-04-29,3399.0,京品手机realme 真我GT 骁龙888 120Hz屏幕 65W闪充 12GB+256GB 曙光 5g游戏手机,2899.0,2021-09-09,http://item.jd.com/100010395381.html
2021-04-29,3399.0,京品手机realme 真我GT 骁龙888 120Hz屏幕 65W闪充 12GB+256GB 曙光 5g游戏手机,2899.0,2021-09-09,http://item.jd.com/100010395381.html
2021-04-30,3399.0,京品手机realme 真我GT 骁龙888 120Hz屏幕 65W闪充 12GB+256GB 曙光 5g游戏手机,2899.0,2021-09-09,http://item.jd.com/100010395381.html
2021-04-30,3399.0,京品手机realme 真我GT 骁龙888 120Hz屏幕 65W闪充 12GB+256GB 曙光 5g游戏手机,2899.0,2021-09-09,http://item.jd.com/100010395381.html
2021-05-01,3399.0,京品手机realme 真我GT 骁龙888 120Hz屏幕 65W闪充 12GB+256GB 曙光 5g游戏手机,2899.0,2021-09-09,http://item.jd.com/100010395381.html
2021-05-01,3399.0,京品手机realme 真我GT 骁龙888 120Hz屏幕 65W闪充 12GB+256GB 曙光 5g游戏手机,2899.0,2021-09-09,http://item.jd.com/100010395381.html
2021-05-02,3399.0,京品手机realme 真我GT 骁龙888 120Hz屏幕 65W闪充 12GB+256GB 曙光 5g游戏手机,2899.0,2021-09-09,http://item.jd.com/100010395381.html
2021-05-02,3399.0,京品手机realme 真我GT 骁龙888 120Hz屏幕 65W闪充 12GB+256GB 曙光 5g游戏手机,2899.0,2021-09-09,http://item.jd.com/100010395381.html
2021-05-03,3399.0,京品手机realme 真我GT 骁龙888 120Hz屏幕 65W闪充 12GB+256GB 曙光 5g游戏手机,2899.0,2021-09-09,http://item.jd.com/100010395381.html
2021-05-03,3399.0,京品手机realme 真我GT 骁龙888 120Hz屏幕 65W闪充 12GB+256GB 曙光 5g游戏手机,2899.0,2021-09-09,http://item.jd.com/100010395381.html
2021-05-04,3399.0,京品手机realme 真我GT 骁龙888 120Hz屏幕 65W闪充 12GB+256GB 曙光 5g游戏手机,2899.0,2021-09-09,http://item.jd.com/100010395381.html
2021-05-04,3399.0,京品手机realme 真我GT 骁龙888 120Hz屏幕 65W闪充 12GB+256GB 曙光 5g游戏手机,2899.0,2021-09-09,http://item.jd.com/100010395381.html
2021-05-05,3399.0,京品手机realme 真我GT 骁龙888 120Hz屏幕 65W闪充 12GB+256GB 曙光 5g游戏手机,2899.0,2021-09-09,http://item.jd.com/100010395381.html
2021-05-05,3399.0,京品手机realme 真我GT 骁龙888 120Hz屏幕 65W闪充 12GB+256GB 曙光 5g游戏手机,2899.0,2021-09-09,http://item.jd.com/100010395381.html
2021-05-06,3399.0,京品手机realme 真我GT 骁龙888 120Hz屏幕 65W闪充 12GB+256GB 曙光 5g游戏手机,2899.0,2021-09-09,http://item.jd.com/100010395381.html
2021-05-06,3399.0,京品手机realme 真我GT 骁龙888 120Hz屏幕 65W闪充 12GB+256GB 曙光 5g游戏手机,2899.0,2021-09-09,http://item.jd.com/100010395381.html
2021-05-07,3399.0,京品手机realme 真我GT 骁龙888 120Hz屏幕 65W闪充 12GB+256GB 曙光 5g游戏手机,2899.0,2021-09-09,http://item.jd.com/100010395381.html
2021-05-07,3399.0,京品手机realme 真我GT 骁龙888 120Hz屏幕 65W闪充 12GB+256GB 曙光 5g游戏手机,2899.0,2021-09-09,http://item.jd.com/100010395381.html
2021-05-08,3399.0,京品手机realme 真我GT 骁龙888 120Hz屏幕 65W闪充 12GB+256GB 曙光 5g游戏手机,2899.0,2021-09-09,http://item.jd.com/100010395381.html
2021-05-08,3399.0,京品手机realme 真我GT 骁龙888 120Hz屏幕 65W闪充 12GB+256GB 曙光 5g游戏手机,2899.0,2021-09-09,http://item.jd.com/100010395381.html
2021-05-09,3399.0,京品手机realme 真我GT 骁龙888 120Hz屏幕 65W闪充 12GB+256GB 曙光 5g游戏手机,2899.0,2021-09-09,http://item.jd.com/100010395381.html
2021-05-10,3399.0,京品手机realme 真我GT 骁龙888 120Hz屏幕 65W闪充 12GB+256GB 曙光 5g游戏手机,2899.0,2021-09-09,http://item.jd.com/100010395381.html
2021-05-11,3399.0,京品手机realme 真我GT 骁龙888 120Hz屏幕 65W闪充 12GB+256GB 曙光 5g游戏手机,2899.0,2021-09-09,http://item.jd.com/100010395381.html
2021-05-11,3399.0,京品手机realme 真我GT 骁龙888 120Hz屏幕 65W闪充 12GB+256GB 曙光 5g游戏手机,2899.0,2021-09-09,http://item.jd.com/100010395381.html
2021-05-12,3399.0,京品手机realme 真我GT 骁龙888 120Hz屏幕 65W闪充 12GB+256GB 曙光 5g游戏手机,2899.0,2021-09-09,http://item.jd.com/100010395381.html
2021-05-12,3399.0,京品手机realme 真我GT 骁龙888 120Hz屏幕 65W闪充 12GB+256GB 曙光 5g游戏手机,2899.0,2021-09-09,http://item.jd.com/100010395381.html
2021-05-13,3399.0,京品手机realme 真我GT 骁龙888 120Hz屏幕 65W闪充 12GB+256GB 曙光 5g游戏手机,2899.0,2021-09-09,http://item.jd.com/100010395381.html
2021-05-13,3399.0,京品手机realme 真我GT 骁龙888 120Hz屏幕 65W闪充 12GB+256GB 曙光 5g游戏手机,2899.0,2021-09-09,http://item.jd.com/100010395381.html
2021-05-14,3399.0,京品手机realme 真我GT 骁龙888 120Hz屏幕 65W闪充 12GB+256GB 曙光 5g游戏手机,2899.0,2021-09-09,http://item.jd.com/100010395381.html
2021-05-14,3399.0,京品手机realme 真我GT 骁龙888 120Hz屏幕 65W闪充 12GB+256GB 曙光 5g游戏手机,2899.0,2021-09-09,http://item.jd.com/100010395381.html
2021-05-15,3399.0,京品手机realme 真我GT 骁龙888 120Hz屏幕 65W闪充 12GB+256GB 曙光 5g游戏手机,2899.0,2021-09-09,http://item.jd.com/100010395381.html
2021-05-15,3399.0,京品手机realme 真我GT 骁龙888 120Hz屏幕 65W闪充 12GB+256GB 曙光 5g游戏手机,2899.0,2021-09-09,http://item.jd.com/100010395381.html
2021-05-16,3199.0,京品手机realme 真我GT 骁龙888 120Hz屏幕 65W闪充 12GB+256GB 曙光 5g游戏手机,2899.0,2021-09-09,http://item.jd.com/100010395381.html
2021-05-16,3199.0,京品手机realme 真我GT 骁龙888 120Hz屏幕 65W闪充 12GB+256GB 曙光 5g游戏手机,2899.0,2021-09-09,http://item.jd.com/100010395381.html
2021-05-17,3199.0,京品手机realme 真我GT 骁龙888 120Hz屏幕 65W闪充 12GB+256GB 曙光 5g游戏手机,2899.0,2021-09-09,http://item.jd.com/100010395381.html
2021-05-17,3199.0,京品手机realme 真我GT 骁龙888 120Hz屏幕 65W闪充 12GB+256GB 曙光 5g游戏手机,2899.0,2021-09-09,http://item.jd.com/100010395381.html
2021-05-18,3199.0,京品手机realme 真我GT 骁龙888 120Hz屏幕 65W闪充 12GB+256GB 曙光 5g游戏手机,2899.0,2021-09-09,http://item.jd.com/100010395381.html
2021-05-18,3199.0,京品手机realme 真我GT 骁龙888 120Hz屏幕 65W闪充 12GB+256GB 曙光 5g游戏手机,2899.0,2021-09-09,http://item.jd.com/100010395381.html
2021-05-19,3399.0,京品手机realme 真我GT 骁龙888 120Hz屏幕 65W闪充 12GB+256GB 曙光 5g游戏手机,2899.0,2021-09-09,http://item.jd.com/100010395381.html
2021-05-19,3399.0,京品手机realme 真我GT 骁龙888 120Hz屏幕 65W闪充 12GB+256GB 曙光 5g游戏手机,2899.0,2021-09-09,http://item.jd.com/100010395381.html
2021-05-20,3399.0,京品手机realme 真我GT 骁龙888 120Hz屏幕 65W闪充 12GB+256GB 曙光 5g游戏手机,2899.0,2021-09-09,http://item.jd.com/100010395381.html
2021-05-21,3399.0,京品手机realme 真我GT 骁龙888 120Hz屏幕 65W闪充 12GB+256GB 曙光 5g游戏手机,2899.0,2021-09-09,http://item.jd.com/100010395381.html
2021-05-22,3399.0,京品手机realme 真我GT 骁龙888 120Hz屏幕 65W闪充 12GB+256GB 曙光 5g游戏手机,2899.0,2021-09-09,http://item.jd.com/100010395381.html
2021-05-22,3399.0,京品手机realme 真我GT 骁龙888 120Hz屏幕 65W闪充 12GB+256GB 曙光 5g游戏手机,2899.0,2021-09-09,http://item.jd.com/100010395381.html
2021-05-23,3399.0,京品手机realme 真我GT 骁龙888 120Hz屏幕 65W闪充 12GB+256GB 曙光 5g游戏手机,2899.0,2021-09-09,http://item.jd.com/100010395381.html
2021-05-23,3399.0,京品手机realme 真我GT 骁龙888 120Hz屏幕 65W闪充 12GB+256GB 曙光 5g游戏手机,2899.0,2021-09-09,http://item.jd.com/100010395381.html
2021-05-24,3399.0,京品手机realme 真我GT 骁龙888 120Hz屏幕 65W闪充 12GB+256GB 曙光 5g游戏手机,2899.0,2021-09-09,http://item.jd.com/100010395381.html
2021-05-25,3399.0,京品手机realme 真我GT 骁龙888 120Hz屏幕 65W闪充 12GB+256GB 曙光 5g游戏手机,2899.0,2021-09-09,http://item.jd.com/100010395381.html
2021-05-26,3099.0,京品手机realme 真我GT 骁龙888 120Hz屏幕 65W闪充 12GB+256GB 曙光 5g游戏手机,2899.0,2021-09-09,http://item.jd.com/100010395381.html
2021-05-26,3099.0,京品手机realme 真我GT 骁龙888 120Hz屏幕 65W闪充 12GB+256GB 曙光 5g游戏手机,2899.0,2021-09-09,http://item.jd.com/100010395381.html
2021-05-27,3099.0,京品手机realme 真我GT 骁龙888 120Hz屏幕 65W闪充 12GB+256GB 曙光 5g游戏手机,2899.0,2021-09-09,http://item.jd.com/100010395381.html
2021-05-28,3099.0,京品手机realme 真我GT 骁龙888 120Hz屏幕 65W闪充 12GB+256GB 曙光 5g游戏手机,2899.0,2021-09-09,http://item.jd.com/100010395381.html
2021-05-29,3099.0,京品手机realme 真我GT 骁龙888 120Hz屏幕 65W闪充 12GB+256GB 曙光 5g游戏手机,2899.0,2021-09-09,http://item.jd.com/100010395381.html
2021-05-29,3099.0,京品手机realme 真我GT 骁龙888 120Hz屏幕 65W闪充 12GB+256GB 曙光 5g游戏手机,2899.0,2021-09-09,http://item.jd.com/100010395381.html
2021-05-30,3099.0,京品手机realme 真我GT 骁龙888 120Hz屏幕 65W闪充 12GB+256GB 曙光 5g游戏手机,2899.0,2021-09-09,http://item.jd.com/100010395381.html
2021-05-29,3099.0,京品手机realme 真我GT 骁龙888 120Hz屏幕 65W闪充 12GB+256GB 曙光 5g游戏手机,2899.0,2021-09-09,http://item.jd.com/100010395381.html
2021-05-30,3099.0,京品手机realme 真我GT 骁龙888 120Hz屏幕 65W闪充 12GB+256GB 曙光 5g游戏手机,2899.0,2021-09-09,http://item.jd.com/100010395381.html
2021-05-31,3099.0,京品手机realme 真我GT 骁龙888 120Hz屏幕 65W闪充 12GB+256GB 曙光 5g游戏手机,2899.0,2021-09-09,http://item.jd.com/100010395381.html
2021-06-01,3099.0,京品手机realme 真我GT 骁龙888 120Hz屏幕 65W闪充 12GB+256GB 曙光 5g游戏手机,2899.0,2021-09-09,http://item.jd.com/100010395381.html
2021-06-01,3099.0,京品手机realme 真我GT 骁龙888 120Hz屏幕 65W闪充 12GB+256GB 曙光 5g游戏手机,2899.0,2021-09-09,http://item.jd.com/100010395381.html
2021-06-02,3099.0,京品手机realme 真我GT 骁龙888 120Hz屏幕 65W闪充 12GB+256GB 曙光 5g游戏手机,2899.0,2021-09-09,http://item.jd.com/100010395381.html
2021-06-02,3099.0,京品手机realme 真我GT 骁龙888 120Hz屏幕 65W闪充 12GB+256GB 曙光 5g游戏手机,2899.0,2021-09-09,http://item.jd.com/100010395381.html
2021-06-03,3099.0,京品手机realme 真我GT 骁龙888 120Hz屏幕 65W闪充 12GB+256GB 曙光 5g游戏手机,2899.0,2021-09-09,http://item.jd.com/100010395381.html
2021-06-03,3099.0,京品手机realme 真我GT 骁龙888 120Hz屏幕 65W闪充 12GB+256GB 曙光 5g游戏手机,2899.0,2021-09-09,http://item.jd.com/100010395381.html
2021-06-04,3199.0,京品手机realme 真我GT 骁龙888 120Hz屏幕 65W闪充 12GB+256GB 曙光 5g游戏手机,2899.0,2021-09-09,http://item.jd.com/100010395381.html
2021-06-04,3199.0,京品手机realme 真我GT 骁龙888 120Hz屏幕 65W闪充 12GB+256GB 曙光 5g游戏手机,2899.0,2021-09-09,http://item.jd.com/100010395381.html
2021-06-05,3199.0,京品手机realme 真我GT 骁龙888 120Hz屏幕 65W闪充 12GB+256GB 曙光 5g游戏手机,2899.0,2021-09-09,http://item.jd.com/100010395381.html
2021-06-05,3199.0,京品手机realme 真我GT 骁龙888 120Hz屏幕 65W闪充 12GB+256GB 曙光 5g游戏手机,2899.0,2021-09-09,http://item.jd.com/100010395381.html
2021-06-06,3199.0,京品手机realme 真我GT 骁龙888 120Hz屏幕 65W闪充 12GB+256GB 曙光 5g游戏手机,2899.0,2021-09-09,http://item.jd.com/100010395381.html
2021-06-07,3199.0,京品手机realme 真我GT 骁龙888 120Hz屏幕 65W闪充 12GB+256GB 曙光 5g游戏手机,2899.0,2021-09-09,http://item.jd.com/100010395381.html
2021-06-08,3299.0,京品手机realme 真我GT 骁龙888 120Hz屏幕 65W闪充 12GB+256GB 曙光 5g游戏手机,2899.0,2021-09-09,http://item.jd.com/100010395381.html
2021-06-08,3299.0,京品手机realme 真我GT 骁龙888 120Hz屏幕 65W闪充 12GB+256GB 曙光 5g游戏手机,2899.0,2021-09-09,http://item.jd.com/100010395381.html
2021-06-09,3099.0,京品手机realme 真我GT 骁龙888 120Hz屏幕 65W闪充 12GB+256GB 曙光 5g游戏手机,2899.0,2021-09-09,http://item.jd.com/100010395381.html
2021-06-10,3099.0,京品手机realme 真我GT 骁龙888 120Hz屏幕 65W闪充 12GB+256GB 曙光 5g游戏手机,2899.0,2021-09-09,http://item.jd.com/100010395381.html
2021-06-11,3099.0,京品手机realme 真我GT 骁龙888 120Hz屏幕 65W闪充 12GB+256GB 曙光 5g游戏手机,2899.0,2021-09-09,http://item.jd.com/100010395381.html
2021-06-11,3099.0,京品手机realme 真我GT 骁龙888 120Hz屏幕 65W闪充 12GB+256GB 曙光 5g游戏手机,2899.0,2021-09-09,http://item.jd.com/100010395381.html
2021-06-12,3099.0,京品手机realme 真我GT 骁龙888 120Hz屏幕 65W闪充 12GB+256GB 曙光 5g游戏手机,2899.0,2021-09-09,http://item.jd.com/100010395381.html
2021-06-12,3099.0,京品手机realme 真我GT 骁龙888 120Hz屏幕 65W闪充 12GB+256GB 曙光 5g游戏手机,2899.0,2021-09-09,http://item.jd.com/100010395381.html
2021-06-13,3099.0,京品手机realme 真我GT 骁龙888 120Hz屏幕 65W闪充 12GB+256GB 曙光 5g游戏手机,2899.0,2021-09-09,http://item.jd.com/100010395381.html
2021-06-13,3099.0,京品手机realme 真我GT 骁龙888 120Hz屏幕 65W闪充 12GB+256GB 曙光 5g游戏手机,2899.0,2021-09-09,http://item.jd.com/100010395381.html
2021-06-14,3099.0,京品手机realme 真我GT 骁龙888 120Hz屏幕 65W闪充 12GB+256GB 曙光 5g游戏手机,2899.0,2021-09-09,http://item.jd.com/100010395381.html
2021-06-15,3099.0,京品手机realme 真我GT 骁龙888 120Hz屏幕 65W闪充 12GB+256GB 曙光 5g游戏手机,2899.0,2021-09-09,http://item.jd.com/100010395381.html
2021-06-16,3099.0,京品手机realme 真我GT 骁龙888 120Hz屏幕 65W闪充 12GB+256GB 曙光 5g游戏手机,2899.0,2021-09-09,http://item.jd.com/100010395381.html
2021-06-17,3099.0,京品手机realme 真我GT 骁龙888 120Hz屏幕 65W闪充 12GB+256GB 曙光 5g游戏手机,2899.0,2021-09-09,http://item.jd.com/100010395381.html
2021-06-18,2999.0,京品手机realme 真我GT 骁龙888 120Hz屏幕 65W闪充 12GB+256GB 曙光 5g游戏手机,2899.0,2021-09-09,http://item.jd.com/100010395381.html
2021-06-18,2999.0,京品手机realme 真我GT 骁龙888 120Hz屏幕 65W闪充 12GB+256GB 曙光 5g游戏手机,2899.0,2021-09-09,http://item.jd.com/100010395381.html
2021-06-19,3199.0,京品手机realme 真我GT 骁龙888 120Hz屏幕 65W闪充 12GB+256GB 曙光 5g游戏手机,2899.0,2021-09-09,http://item.jd.com/100010395381.html
2021-06-19,3199.0,京品手机realme 真我GT 骁龙888 120Hz屏幕 65W闪充 12GB+256GB 曙光 5g游戏手机,2899.0,2021-09-09,http://item.jd.com/100010395381.html
2021-06-20,3199.0,京品手机realme 真我GT 骁龙888 120Hz屏幕 65W闪充 12GB+256GB 曙光 5g游戏手机,2899.0,2021-09-09,http://item.jd.com/100010395381.html
2021-06-20,3199.0,京品手机realme 真我GT 骁龙888 120Hz屏幕 65W闪充 12GB+256GB 曙光 5g游戏手机,2899.0,2021-09-09,http://item.jd.com/100010395381.html
2021-06-21,3399.0,京品手机realme 真我GT 骁龙888 120Hz屏幕 65W闪充 12GB+256GB 曙光 5g游戏手机,2899.0,2021-09-09,http://item.jd.com/100010395381.html
2021-06-21,3399.0,京品手机realme 真我GT 骁龙888 120Hz屏幕 65W闪充 12GB+256GB 曙光 5g游戏手机,2899.0,2021-09-09,http://item.jd.com/100010395381.html
2021-06-22,3399.0,京品手机realme 真我GT 骁龙888 120Hz屏幕 65W闪充 12GB+256GB 曙光 5g游戏手机,2899.0,2021-09-09,http://item.jd.com/100010395381.html
2021-06-22,3399.0,京品手机realme 真我GT 骁龙888 120Hz屏幕 65W闪充 12GB+256GB 曙光 5g游戏手机,2899.0,2021-09-09,http://item.jd.com/100010395381.html
2021-06-23,3399.0,京品手机realme 真我GT 骁龙888 120Hz屏幕 65W闪充 12GB+256GB 曙光 5g游戏手机,2899.0,2021-09-09,http://item.jd.com/100010395381.html
2021-06-23,3399.0,京品手机realme 真我GT 骁龙888 120Hz屏幕 65W闪充 12GB+256GB 曙光 5g游戏手机,2899.0,2021-09-09,http://item.jd.com/100010395381.html
2021-06-24,3399.0,京品手机realme 真我GT 骁龙888 120Hz屏幕 65W闪充 12GB+256GB 曙光 5g游戏手机,2899.0,2021-09-09,http://item.jd.com/100010395381.html
2021-06-24,3399.0,京品手机realme 真我GT 骁龙888 120Hz屏幕 65W闪充 12GB+256GB 曙光 5g游戏手机,2899.0,2021-09-09,http://item.jd.com/100010395381.html
2021-06-25,3399.0,京品手机realme 真我GT 骁龙888 120Hz屏幕 65W闪充 12GB+256GB 曙光 5g游戏手机,2899.0,2021-09-09,http://item.jd.com/100010395381.html
2021-06-25,3399.0,京品手机realme 真我GT 骁龙888 120Hz屏幕 65W闪充 12GB+256GB 曙光 5g游戏手机,2899.0,2021-09-09,http://item.jd.com/100010395381.html
2021-06-26,3399.0,京品手机realme 真我GT 骁龙888 120Hz屏幕 65W闪充 12GB+256GB 曙光 5g游戏手机,2899.0,2021-09-09,http://item.jd.com/100010395381.html
2021-06-26,3399.0,京品手机realme 真我GT 骁龙888 120Hz屏幕 65W闪充 12GB+256GB 曙光 5g游戏手机,2899.0,2021-09-09,http://item.jd.com/100010395381.html
2021-06-27,3399.0,京品手机realme 真我GT 骁龙888 120Hz屏幕 65W闪充 12GB+256GB 曙光 5g游戏手机,2899.0,2021-09-09,http://item.jd.com/100010395381.html
2021-06-27,3399.0,京品手机realme 真我GT 骁龙888 120Hz屏幕 65W闪充 12GB+256GB 曙光 5g游戏手机,2899.0,2021-09-09,http://item.jd.com/100010395381.html
2021-06-28,3399.0,京品手机realme 真我GT 骁龙888 120Hz屏幕 65W闪充 12GB+256GB 曙光 5g游戏手机,2899.0,2021-09-09,http://item.jd.com/100010395381.html
2021-06-28,3399.0,京品手机realme 真我GT 骁龙888 120Hz屏幕 65W闪充 12GB+256GB 曙光 5g游戏手机,2899.0,2021-09-09,http://item.jd.com/100010395381.html
2021-06-29,3399.0,京品手机realme 真我GT 骁龙888 120Hz屏幕 65W闪充 12GB+256GB 曙光 5g游戏手机,2899.0,2021-09-09,http://item.jd.com/100010395381.html
2021-06-29,3399.0,京品手机realme 真我GT 骁龙888 120Hz屏幕 65W闪充 12GB+256GB 曙光 5g游戏手机,2899.0,2021-09-09,http://item.jd.com/100010395381.html
2021-06-30,3399.0,京品手机realme 真我GT 骁龙888 120Hz屏幕 65W闪充 12GB+256GB 曙光 5g游戏手机,2899.0,2021-09-09,http://item.jd.com/100010395381.html
2021-07-01,3399.0,京品手机realme 真我GT 骁龙888 120Hz屏幕 65W闪充 12GB+256GB 曙光 5g游戏手机,2899.0,2021-09-09,http://item.jd.com/100010395381.html
2021-07-02,3099.0,京品手机realme 真我GT 骁龙888 120Hz屏幕 65W闪充 12GB+256GB 曙光 5g游戏手机,2899.0,2021-09-09,http://item.jd.com/100010395381.html
2021-07-02,3099.0,京品手机realme 真我GT 骁龙888 120Hz屏幕 65W闪充 12GB+256GB 曙光 5g游戏手机,2899.0,2021-09-09,http://item.jd.com/100010395381.html
2021-07-03,3099.0,京品手机realme 真我GT 骁龙888 120Hz屏幕 65W闪充 12GB+256GB 曙光 5g游戏手机,2899.0,2021-09-09,http://item.jd.com/100010395381.html
2021-07-03,3099.0,京品手机realme 真我GT 骁龙888 120Hz屏幕 65W闪充 12GB+256GB 曙光 5g游戏手机,2899.0,2021-09-09,http://item.jd.com/100010395381.html
2021-07-04,3399.0,京品手机realme 真我GT 骁龙888 120Hz屏幕 65W闪充 12GB+256GB 曙光 5g游戏手机,2899.0,2021-09-09,http://item.jd.com/100010395381.html
2021-07-04,3399.0,京品手机realme 真我GT 骁龙888 120Hz屏幕 65W闪充 12GB+256GB 曙光 5g游戏手机,2899.0,2021-09-09,http://item.jd.com/100010395381.html
2021-07-05,3399.0,京品手机realme 真我GT 骁龙888 120Hz屏幕 65W闪充 12GB+256GB 曙光 5g游戏手机,2899.0,2021-09-09,http://item.jd.com/100010395381.html
2021-07-06,3399.0,京品手机realme 真我GT 骁龙888 120Hz屏幕 65W闪充 12GB+256GB 曙光 5g游戏手机,2899.0,2021-09-09,http://item.jd.com/100010395381.html
2021-07-07,3399.0,京品手机realme 真我GT 骁龙888 120Hz屏幕 65W闪充 12GB+256GB 曙光 5g游戏手机,2899.0,2021-09-09,http://item.jd.com/100010395381.html
2021-07-08,3399.0,京品手机realme 真我GT 骁龙888 120Hz屏幕 65W闪充 12GB+256GB 曙光 5g游戏手机,2899.0,2021-09-09,http://item.jd.com/100010395381.html
2021-07-09,3399.0,京品手机realme 真我GT 骁龙888 120Hz屏幕 65W闪充 12GB+256GB 曙光 5g游戏手机,2899.0,2021-09-09,http://item.jd.com/100010395381.html
2021-07-09,3399.0,京品手机realme 真我GT 骁龙888 120Hz屏幕 65W闪充 12GB+256GB 曙光 5g游戏手机,2899.0,2021-09-09,http://item.jd.com/100010395381.html
2021-07-10,3399.0,京品手机realme 真我GT 骁龙888 120Hz屏幕 65W闪充 12GB+256GB 曙光 5g游戏手机,2899.0,2021-09-09,http://item.jd.com/100010395381.html
2021-07-10,3399.0,京品手机realme 真我GT 骁龙888 120Hz屏幕 65W闪充 12GB+256GB 曙光 5g游戏手机,2899.0,2021-09-09,http://item.jd.com/100010395381.html
2021-07-11,3399.0,京品手机realme 真我GT 骁龙888 120Hz屏幕 65W闪充 12GB+256GB 曙光 5g游戏手机,2899.0,2021-09-09,http://item.jd.com/100010395381.html
2021-07-11,3399.0,京品手机realme 真我GT 骁龙888 120Hz屏幕 65W闪充 12GB+256GB 曙光 5g游戏手机,2899.0,2021-09-09,http://item.jd.com/100010395381.html
2021-07-12,2949.0,京品手机realme 真我GT 骁龙888 120Hz屏幕 65W闪充 12GB+256GB 曙光 5g游戏手机,2899.0,2021-09-09,http://item.jd.com/100010395381.html
2021-07-12,2949.0,京品手机realme 真我GT 骁龙888 120Hz屏幕 65W闪充 12GB+256GB 曙光 5g游戏手机,2899.0,2021-09-09,http://item.jd.com/100010395381.html
2021-07-13,2949.0,京品手机realme 真我GT 骁龙888 120Hz屏幕 65W闪充 12GB+256GB 曙光 5g游戏手机,2899.0,2021-09-09,http://item.jd.com/100010395381.html
2021-07-13,2949.0,京品手机realme 真我GT 骁龙888 120Hz屏幕 65W闪充 12GB+256GB 曙光 5g游戏手机,2899.0,2021-09-09,http://item.jd.com/100010395381.html
2021-07-14,3399.0,京品手机realme 真我GT 骁龙888 120Hz屏幕 65W闪充 12GB+256GB 曙光 5g游戏手机,2899.0,2021-09-09,http://item.jd.com/100010395381.html
2021-07-14,3399.0,京品手机realme 真我GT 骁龙888 120Hz屏幕 65W闪充 12GB+256GB 曙光 5g游戏手机,2899.0,2021-09-09,http://item.jd.com/100010395381.html
2021-07-15,3399.0,京品手机realme 真我GT 骁龙888 120Hz屏幕 65W闪充 12GB+256GB 曙光 5g游戏手机,2899.0,2021-09-09,http://item.jd.com/100010395381.html
2021-07-15,3399.0,京品手机realme 真我GT 骁龙888 120Hz屏幕 65W闪充 12GB+256GB 曙光 5g游戏手机,2899.0,2021-09-09,http://item.jd.com/100010395381.html
2021-07-16,2949.0,京品手机realme 真我GT 骁龙888 120Hz屏幕 65W闪充 12GB+256GB 曙光 5g游戏手机,2899.0,2021-09-09,http://item.jd.com/100010395381.html
2021-07-16,2949.0,京品手机realme 真我GT 骁龙888 120Hz屏幕 65W闪充 12GB+256GB 曙光 5g游戏手机,2899.0,2021-09-09,http://item.jd.com/100010395381.html
2021-07-17,2949.0,京品手机realme 真我GT 骁龙888 120Hz屏幕 65W闪充 12GB+256GB 曙光 5g游戏手机,2899.0,2021-09-09,http://item.jd.com/100010395381.html
2021-07-17,2949.0,京品手机realme 真我GT 骁龙888 120Hz屏幕 65W闪充 12GB+256GB 曙光 5g游戏手机,2899.0,2021-09-09,http://item.jd.com/100010395381.html
2021-07-18,2949.0,京品手机realme 真我GT 骁龙888 120Hz屏幕 65W闪充 12GB+256GB 曙光 5g游戏手机,2899.0,2021-09-09,http://item.jd.com/100010395381.html
2021-07-18,2949.0,京品手机realme 真我GT 骁龙888 120Hz屏幕 65W闪充 12GB+256GB 曙光 5g游戏手机,2899.0,2021-09-09,http://item.jd.com/100010395381.html
2021-07-19,3399.0,京品手机realme 真我GT 骁龙888 120Hz屏幕 65W闪充 12GB+256GB 曙光 5g游戏手机,2899.0,2021-09-09,http://item.jd.com/100010395381.html
2021-07-19,3399.0,京品手机realme 真我GT 骁龙888 120Hz屏幕 65W闪充 12GB+256GB 曙光 5g游戏手机,2899.0,2021-09-09,http://item.jd.com/100010395381.html
2021-07-20,3399.0,京品手机realme 真我GT 骁龙888 120Hz屏幕 65W闪充 12GB+256GB 曙光 5g游戏手机,2899.0,2021-09-09,http://item.jd.com/100010395381.html
2021-07-20,3399.0,京品手机realme 真我GT 骁龙888 120Hz屏幕 65W闪充 12GB+256GB 曙光 5g游戏手机,2899.0,2021-09-09,http://item.jd.com/100010395381.html
2021-07-21,3399.0,京品手机realme 真我GT 骁龙888 120Hz屏幕 65W闪充 12GB+256GB 曙光 5g游戏手机,2899.0,2021-09-09,http://item.jd.com/100010395381.html
2021-07-21,3399.0,京品手机realme 真我GT 骁龙888 120Hz屏幕 65W闪充 12GB+256GB 曙光 5g游戏手机,2899.0,2021-09-09,http://item.jd.com/100010395381.html
2021-07-22,3399.0,京品手机realme 真我GT 骁龙888 120Hz屏幕 65W闪充 12GB+256GB 曙光 5g游戏手机,2899.0,2021-09-09,http://item.jd.com/100010395381.html
2021-07-22,3399.0,京品手机realme 真我GT 骁龙888 120Hz屏幕 65W闪充 12GB+256GB 曙光 5g游戏手机,2899.0,2021-09-09,http://item.jd.com/100010395381.html
2021-07-23,3349.0,京品手机realme 真我GT 骁龙888 120Hz屏幕 65W闪充 12GB+256GB 曙光 5g游戏手机,2899.0,2021-09-09,http://item.jd.com/100010395381.html
2021-07-24,3349.0,京品手机realme 真我GT 骁龙888 120Hz屏幕 65W闪充 12GB+256GB 曙光 5g游戏手机,2899.0,2021-09-09,http://item.jd.com/100010395381.html
2021-07-25,3349.0,京品手机realme 真我GT 骁龙888 120Hz屏幕 65W闪充 12GB+256GB 曙光 5g游戏手机,2899.0,2021-09-09,http://item.jd.com/100010395381.html
2021-07-25,3349.0,京品手机realme 真我GT 骁龙888 120Hz屏幕 65W闪充 12GB+256GB 曙光 5g游戏手机,2899.0,2021-09-09,http://item.jd.com/100010395381.html
2021-07-26,3399.0,京品手机realme 真我GT 骁龙888 120Hz屏幕 65W闪充 12GB+256GB 曙光 5g游戏手机,2899.0,2021-09-09,http://item.jd.com/100010395381.html
2021-07-26,3399.0,京品手机realme 真我GT 骁龙888 120Hz屏幕 65W闪充 12GB+256GB 曙光 5g游戏手机,2899.0,2021-09-09,http://item.jd.com/100010395381.html
2021-07-27,3399.0,京品手机realme 真我GT 骁龙888 120Hz屏幕 65W闪充 12GB+256GB 曙光 5g游戏手机,2899.0,2021-09-09,http://item.jd.com/100010395381.html
2021-07-27,3399.0,京品手机realme 真我GT 骁龙888 120Hz屏幕 65W闪充 12GB+256GB 曙光 5g游戏手机,2899.0,2021-09-09,http://item.jd.com/100010395381.html
2021-07-28,3399.0,京品手机realme 真我GT 骁龙888 120Hz屏幕 65W闪充 12GB+256GB 曙光 5g游戏手机,2899.0,2021-09-09,http://item.jd.com/100010395381.html
2021-07-29,3399.0,京品手机realme 真我GT 骁龙888 120Hz屏幕 65W闪充 12GB+256GB 曙光 5g游戏手机,2899.0,2021-09-09,http://item.jd.com/100010395381.html
2021-07-30,3399.0,京品手机realme 真我GT 骁龙888 120Hz屏幕 65W闪充 12GB+256GB 曙光 5g游戏手机,2899.0,2021-09-09,http://item.jd.com/100010395381.html
2021-07-29,3399.0,京品手机realme 真我GT 骁龙888 120Hz屏幕 65W闪充 12GB+256GB 曙光 5g游戏手机,2899.0,2021-09-09,http://item.jd.com/100010395381.html
2021-07-30,3399.0,京品手机realme 真我GT 骁龙888 120Hz屏幕 65W闪充 12GB+256GB 曙光 5g游戏手机,2899.0,2021-09-09,http://item.jd.com/100010395381.html
2021-07-31,3399.0,京品手机realme 真我GT 骁龙888 120Hz屏幕 65W闪充 12GB+256GB 曙光 5g游戏手机,2899.0,2021-09-09,http://item.jd.com/100010395381.html
2021-08-01,3399.0,京品手机realme 真我GT 骁龙888 120Hz屏幕 65W闪充 12GB+256GB 曙光 5g游戏手机,2899.0,2021-09-09,http://item.jd.com/100010395381.html
2021-08-01,3399.0,京品手机realme 真我GT 骁龙888 120Hz屏幕 65W闪充 12GB+256GB 曙光 5g游戏手机,2899.0,2021-09-09,http://item.jd.com/100010395381.html
2021-08-02,3399.0,京品手机realme 真我GT 骁龙888 120Hz屏幕 65W闪充 12GB+256GB 曙光 5g游戏手机,2899.0,2021-09-09,http://item.jd.com/100010395381.html
2021-08-02,3399.0,京品手机realme 真我GT 骁龙888 120Hz屏幕 65W闪充 12GB+256GB 曙光 5g游戏手机,2899.0,2021-09-09,http://item.jd.com/100010395381.html
2021-08-03,3349.0,京品手机realme 真我GT 骁龙888 120Hz屏幕 65W闪充 12GB+256GB 曙光 5g游戏手机,2899.0,2021-09-09,http://item.jd.com/100010395381.html
2021-08-03,3349.0,京品手机realme 真我GT 骁龙888 120Hz屏幕 65W闪充 12GB+256GB 曙光 5g游戏手机,2899.0,2021-09-09,http://item.jd.com/100010395381.html
2021-08-04,3399.0,京品手机realme 真我GT 骁龙888 120Hz屏幕 65W闪充 12GB+256GB 曙光 5g游戏手机,2899.0,2021-09-09,http://item.jd.com/100010395381.html
2021-08-04,3399.0,京品手机realme 真我GT 骁龙888 120Hz屏幕 65W闪充 12GB+256GB 曙光 5g游戏手机,2899.0,2021-09-09,http://item.jd.com/100010395381.html
2021-08-05,3399.0,京品手机realme 真我GT 骁龙888 120Hz屏幕 65W闪充 12GB+256GB 曙光 5g游戏手机,2899.0,2021-09-09,http://item.jd.com/100010395381.html
2021-08-05,3399.0,京品手机realme 真我GT 骁龙888 120Hz屏幕 65W闪充 12GB+256GB 曙光 5g游戏手机,2899.0,2021-09-09,http://item.jd.com/100010395381.html
2021-08-06,3399.0,京品手机realme 真我GT 骁龙888 120Hz屏幕 65W闪充 12GB+256GB 曙光 5g游戏手机,2899.0,2021-09-09,http://item.jd.com/100010395381.html
2021-08-06,3399.0,京品手机realme 真我GT 骁龙888 120Hz屏幕 65W闪充 12GB+256GB 曙光 5g游戏手机,2899.0,2021-09-09,http://item.jd.com/100010395381.html
2021-08-07,3399.0,京品手机realme 真我GT 骁龙888 120Hz屏幕 65W闪充 12GB+256GB 曙光 5g游戏手机,2899.0,2021-09-09,http://item.jd.com/100010395381.html
2021-08-07,3399.0,京品手机realme 真我GT 骁龙888 120Hz屏幕 65W闪充 12GB+256GB 曙光 5g游戏手机,2899.0,2021-09-09,http://item.jd.com/100010395381.html
2021-08-08,3399.0,京品手机realme 真我GT 骁龙888 120Hz屏幕 65W闪充 12GB+256GB 曙光 5g游戏手机,2899.0,2021-09-09,http://item.jd.com/100010395381.html
2021-08-08,3399.0,京品手机realme 真我GT 骁龙888 120Hz屏幕 65W闪充 12GB+256GB 曙光 5g游戏手机,2899.0,2021-09-09,http://item.jd.com/100010395381.html
2021-08-09,3399.0,京品手机realme 真我GT 骁龙888 120Hz屏幕 65W闪充 12GB+256GB 曙光 5g游戏手机,2899.0,2021-09-09,http://item.jd.com/100010395381.html
2021-08-10,3399.0,京品手机realme 真我GT 骁龙888 120Hz屏幕 65W闪充 12GB+256GB 曙光 5g游戏手机,2899.0,2021-09-09,http://item.jd.com/100010395381.html
2021-08-11,3399.0,京品手机realme 真我GT 骁龙888 120Hz屏幕 65W闪充 12GB+256GB 曙光 5g游戏手机,2899.0,2021-09-09,http://item.jd.com/100010395381.html
2021-08-11,3399.0,京品手机realme 真我GT 骁龙888 120Hz屏幕 65W闪充 12GB+256GB 曙光 5g游戏手机,2899.0,2021-09-09,http://item.jd.com/100010395381.html
2021-08-12,3399.0,京品手机realme 真我GT 骁龙888 120Hz屏幕 65W闪充 12GB+256GB 曙光 5g游戏手机,2899.0,2021-09-09,http://item.jd.com/100010395381.html
2021-08-12,3399.0,京品手机realme 真我GT 骁龙888 120Hz屏幕 65W闪充 12GB+256GB 曙光 5g游戏手机,2899.0,2021-09-09,http://item.jd.com/100010395381.html
2021-08-13,3399.0,京品手机realme 真我GT 骁龙888 120Hz屏幕 65W闪充 12GB+256GB 曙光 5g游戏手机,2899.0,2021-09-09,http://item.jd.com/100010395381.html
2021-08-13,3399.0,京品手机realme 真我GT 骁龙888 120Hz屏幕 65W闪充 12GB+256GB 曙光 5g游戏手机,2899.0,2021-09-09,http://item.jd.com/100010395381.html
2021-08-14,3399.0,京品手机realme 真我GT 骁龙888 120Hz屏幕 65W闪充 12GB+256GB 曙光 5g游戏手机,2899.0,2021-09-09,http://item.jd.com/100010395381.html
2021-08-14,3399.0,京品手机realme 真我GT 骁龙888 120Hz屏幕 65W闪充 12GB+256GB 曙光 5g游戏手机,2899.0,2021-09-09,http://item.jd.com/100010395381.html
2021-08-15,3399.0,京品手机realme 真我GT 骁龙888 120Hz屏幕 65W闪充 12GB+256GB 曙光 5g游戏手机,2899.0,2021-09-09,http://item.jd.com/100010395381.html
2021-08-15,3399.0,京品手机realme 真我GT 骁龙888 120Hz屏幕 65W闪充 12GB+256GB 曙光 5g游戏手机,2899.0,2021-09-09,http://item.jd.com/100010395381.html
2021-08-16,3399.0,京品手机realme 真我GT 骁龙888 120Hz屏幕 65W闪充 12GB+256GB 曙光 5g游戏手机,2899.0,2021-09-09,http://item.jd.com/100010395381.html
2021-08-16,3399.0,京品手机realme 真我GT 骁龙888 120Hz屏幕 65W闪充 12GB+256GB 曙光 5g游戏手机,2899.0,2021-09-09,http://item.jd.com/100010395381.html
2021-08-17,3399.0,京品手机realme 真我GT 骁龙888 120Hz屏幕 65W闪充 12GB+256GB 曙光 5g游戏手机,2899.0,2021-09-09,http://item.jd.com/100010395381.html
2021-08-17,3399.0,京品手机realme 真我GT 骁龙888 120Hz屏幕 65W闪充 12GB+256GB 曙光 5g游戏手机,2899.0,2021-09-09,http://item.jd.com/100010395381.html
2021-08-18,3399.0,京品手机realme 真我GT 骁龙888 120Hz屏幕 65W闪充 12GB+256GB 曙光 5g游戏手机,2899.0,2021-09-09,http://item.jd.com/100010395381.html
2021-08-18,3399.0,京品手机realme 真我GT 骁龙888 120Hz屏幕 65W闪充 12GB+256GB 曙光 5g游戏手机,2899.0,2021-09-09,http://item.jd.com/100010395381.html
2021-08-19,3399.0,京品手机realme 真我GT 骁龙888 120Hz屏幕 65W闪充 12GB+256GB 曙光 5g游戏手机,2899.0,2021-09-09,http://item.jd.com/100010395381.html
2021-08-19,3399.0,京品手机realme 真我GT 骁龙888 120Hz屏幕 65W闪充 12GB+256GB 曙光 5g游戏手机,2899.0,2021-09-09,http://item.jd.com/100010395381.html
2021-08-20,3399.0,京品手机realme 真我GT 骁龙888 120Hz屏幕 65W闪充 12GB+256GB 曙光 5g游戏手机,2899.0,2021-09-09,http://item.jd.com/100010395381.html
2021-08-20,3399.0,京品手机realme 真我GT 骁龙888 120Hz屏幕 65W闪充 12GB+256GB 曙光 5g游戏手机,2899.0,2021-09-09,http://item.jd.com/100010395381.html
2021-08-21,3399.0,京品手机realme 真我GT 骁龙888 120Hz屏幕 65W闪充 12GB+256GB 曙光 5g游戏手机,2899.0,2021-09-09,http://item.jd.com/100010395381.html
2021-08-21,3399.0,京品手机realme 真我GT 骁龙888 120Hz屏幕 65W闪充 12GB+256GB 曙光 5g游戏手机,2899.0,2021-09-09,http://item.jd.com/100010395381.html
2021-08-22,3399.0,京品手机realme 真我GT 骁龙888 120Hz屏幕 65W闪充 12GB+256GB 曙光 5g游戏手机,2899.0,2021-09-09,http://item.jd.com/100010395381.html
2021-08-23,3399.0,京品手机realme 真我GT 骁龙888 120Hz屏幕 65W闪充 12GB+256GB 曙光 5g游戏手机,2899.0,2021-09-09,http://item.jd.com/100010395381.html
2021-08-24,3399.0,京品手机realme 真我GT 骁龙888 120Hz屏幕 65W闪充 12GB+256GB 曙光 5g游戏手机,2899.0,2021-09-09,http://item.jd.com/100010395381.html
2021-08-24,3399.0,京品手机realme 真我GT 骁龙888 120Hz屏幕 65W闪充 12GB+256GB 曙光 5g游戏手机,2899.0,2021-09-09,http://item.jd.com/100010395381.html
2021-08-25,3399.0,京品手机realme 真我GT 骁龙888 120Hz屏幕 65W闪充 12GB+256GB 曙光 5g游戏手机,2899.0,2021-09-09,http://item.jd.com/100010395381.html
2021-08-26,3399.0,京品手机realme 真我GT 骁龙888 120Hz屏幕 65W闪充 12GB+256GB 曙光 5g游戏手机,2899.0,2021-09-09,http://item.jd.com/100010395381.html
2021-08-27,3399.0,京品手机realme 真我GT 骁龙888 120Hz屏幕 65W闪充 12GB+256GB 曙光 5g游戏手机,2899.0,2021-09-09,http://item.jd.com/100010395381.html
2021-08-27,3399.0,京品手机realme 真我GT 骁龙888 120Hz屏幕 65W闪充 12GB+256GB 曙光 5g游戏手机,2899.0,2021-09-09,http://item.jd.com/100010395381.html
2021-08-28,3399.0,京品手机realme 真我GT 骁龙888 120Hz屏幕 65W闪充 12GB+256GB 曙光 5g游戏手机,2899.0,2021-09-09,http://item.jd.com/100010395381.html
2021-08-28,3399.0,京品手机realme 真我GT 骁龙888 120Hz屏幕 65W闪充 12GB+256GB 曙光 5g游戏手机,2899.0,2021-09-09,http://item.jd.com/100010395381.html
2021-08-29,3399.0,京品手机realme 真我GT 骁龙888 120Hz屏幕 65W闪充 12GB+256GB 曙光 5g游戏手机,2899.0,2021-09-09,http://item.jd.com/100010395381.html
2021-08-29,3399.0,京品手机realme 真我GT 骁龙888 120Hz屏幕 65W闪充 12GB+256GB 曙光 5g游戏手机,2899.0,2021-09-09,http://item.jd.com/100010395381.html
2021-08-30,3399.0,京品手机realme 真我GT 骁龙888 120Hz屏幕 65W闪充 12GB+256GB 曙光 5g游戏手机,2899.0,2021-09-09,http://item.jd.com/100010395381.html
2021-08-30,3399.0,京品手机realme 真我GT 骁龙888 120Hz屏幕 65W闪充 12GB+256GB 曙光 5g游戏手机,2899.0,2021-09-09,http://item.jd.com/100010395381.html
2021-08-31,3399.0,京品手机realme 真我GT 骁龙888 120Hz屏幕 65W闪充 12GB+256GB 曙光 5g游戏手机,2899.0,2021-09-09,http://item.jd.com/100010395381.html
2021-08-31,3399.0,京品手机realme 真我GT 骁龙888 120Hz屏幕 65W闪充 12GB+256GB 曙光 5g游戏手机,2899.0,2021-09-09,http://item.jd.com/100010395381.html
2021-09-01,3399.0,京品手机realme 真我GT 骁龙888 120Hz屏幕 65W闪充 12GB+256GB 曙光 5g游戏手机,2899.0,2021-09-09,http://item.jd.com/100010395381.html
2021-09-02,3399.0,京品手机realme 真我GT 骁龙888 120Hz屏幕 65W闪充 12GB+256GB 曙光 5g游戏手机,2899.0,2021-09-09,http://item.jd.com/100010395381.html
2021-09-03,2899.0,京品手机realme 真我GT 骁龙888 120Hz屏幕 65W闪充 12GB+256GB 曙光 5g游戏手机,2899.0,2021-09-09,http://item.jd.com/100010395381.html
2021-09-03,2899.0,京品手机realme 真我GT 骁龙888 120Hz屏幕 65W闪充 12GB+256GB 曙光 5g游戏手机,2899.0,2021-09-09,http://item.jd.com/100010395381.html
2021-09-04,3399.0,京品手机realme 真我GT 骁龙888 120Hz屏幕 65W闪充 12GB+256GB 曙光 5g游戏手机,2899.0,2021-09-09,http://item.jd.com/100010395381.html
2021-09-04,3399.0,京品手机realme 真我GT 骁龙888 120Hz屏幕 65W闪充 12GB+256GB 曙光 5g游戏手机,2899.0,2021-09-09,http://item.jd.com/100010395381.html
2021-09-05,3399.0,京品手机realme 真我GT 骁龙888 120Hz屏幕 65W闪充 12GB+256GB 曙光 5g游戏手机,2899.0,2021-09-09,http://item.jd.com/100010395381.html
2021-09-06,3399.0,京品手机realme 真我GT 骁龙888 120Hz屏幕 65W闪充 12GB+256GB 曙光 5g游戏手机,2899.0,2021-09-09,http://item.jd.com/100010395381.html
2021-09-07,2899.0,京品手机realme 真我GT 骁龙888 120Hz屏幕 65W闪充 12GB+256GB 曙光 5g游戏手机,2899.0,2021-09-09,http://item.jd.com/100010395381.html
2021-09-07,2899.0,京品手机realme 真我GT 骁龙888 120Hz屏幕 65W闪充 12GB+256GB 曙光 5g游戏手机,2899.0,2021-09-09,http://item.jd.com/100010395381.html
2021-09-08,3399.0,京品手机realme 真我GT 骁龙888 120Hz屏幕 65W闪充 12GB+256GB 曙光 5g游戏手机,2899.0,2021-09-09,http://item.jd.com/100010395381.html
2021-09-08,3399.0,京品手机realme 真我GT 骁龙888 120Hz屏幕 65W闪充 12GB+256GB 曙光 5g游戏手机,2899.0,2021-09-09,http://item.jd.com/100010395381.html
2021-09-09,2899.0,京品手机realme 真我GT 骁龙888 120Hz屏幕 65W闪充 12GB+256GB 曙光 5g游戏手机,2899.0,2021-09-09,http://item.jd.com/100010395381.html
2021-09-09,2899.0,京品手机realme 真我GT 骁龙888 120Hz屏幕 65W闪充 12GB+256GB 曙光 5g游戏手机,2899.0,2021-09-09,http://item.jd.com/100010395381.html
2021-09-10,3399.0,京品手机realme 真我GT 骁龙888 120Hz屏幕 65W闪充 12GB+256GB 曙光 5g游戏手机,2899.0,2021-09-09,http://item.jd.com/100010395381.html
2021-09-10,3399.0,京品手机realme 真我GT 骁龙888 120Hz屏幕 65W闪充 12GB+256GB 曙光 5g游戏手机,2899.0,2021-09-09,http://item.jd.com/100010395381.html
2021-09-11,3399.0,京品手机realme 真我GT 骁龙888 120Hz屏幕 65W闪充 12GB+256GB 曙光 5g游戏手机,2899.0,2021-09-09,http://item.jd.com/100010395381.html
2021-09-11,3399.0,京品手机realme 真我GT 骁龙888 120Hz屏幕 65W闪充 12GB+256GB 曙光 5g游戏手机,2899.0,2021-09-09,http://item.jd.com/100010395381.html
2021-09-12,3399.0,京品手机realme 真我GT 骁龙888 120Hz屏幕 65W闪充 12GB+256GB 曙光 5g游戏手机,2899.0,2021-09-09,http://item.jd.com/100010395381.html
2021-09-12,3399.0,京品手机realme 真我GT 骁龙888 120Hz屏幕 65W闪充 12GB+256GB 曙光 5g游戏手机,2899.0,2021-09-09,http://item.jd.com/100010395381.html
2021-09-13,3399.0,京品手机realme 真我GT 骁龙888 120Hz屏幕 65W闪充 12GB+256GB 曙光 5g游戏手机,2899.0,2021-09-09,http://item.jd.com/100010395381.html
2021-09-13,3399.0,京品手机realme 真我GT 骁龙888 120Hz屏幕 65W闪充 12GB+256GB 曙光 5g游戏手机,2899.0,2021-09-09,http://item.jd.com/100010395381.html
2021-09-14,3399.0,京品手机realme 真我GT 骁龙888 120Hz屏幕 65W闪充 12GB+256GB 曙光 5g游戏手机,2899.0,2021-09-09,http://item.jd.com/100010395381.html
2021-09-14,3399.0,京品手机realme 真我GT 骁龙888 120Hz屏幕 65W闪充 12GB+256GB 曙光 5g游戏手机,2899.0,2021-09-09,http://item.jd.com/100010395381.html
2021-09-15,3399.0,京品手机realme 真我GT 骁龙888 120Hz屏幕 65W闪充 12GB+256GB 曙光 5g游戏手机,2899.0,2021-09-09,http://item.jd.com/100010395381.html
2021-09-15,3399.0,京品手机realme 真我GT 骁龙888 120Hz屏幕 65W闪充 12GB+256GB 曙光 5g游戏手机,2899.0,2021-09-09,http://item.jd.com/100010395381.html
2021-09-16,3399.0,京品手机realme 真我GT 骁龙888 120Hz屏幕 65W闪充 12GB+256GB 曙光 5g游戏手机,2899.0,2021-09-09,http://item.jd.com/100010395381.html
2021-09-16,3399.0,京品手机realme 真我GT 骁龙888 120Hz屏幕 65W闪充 12GB+256GB 曙光 5g游戏手机,2899.0,2021-09-09,http://item.jd.com/100010395381.html
2021-09-17,3399.0,京品手机realme 真我GT 骁龙888 120Hz屏幕 65W闪充 12GB+256GB 曙光 5g游戏手机,2899.0,2021-09-09,http://item.jd.com/100010395381.html
2021-09-17,3399.0,京品手机realme 真我GT 骁龙888 120Hz屏幕 65W闪充 12GB+256GB 曙光 5g游戏手机,2899.0,2021-09-09,http://item.jd.com/100010395381.html
2021-09-18,3399.0,京品手机realme 真我GT 骁龙888 120Hz屏幕 65W闪充 12GB+256GB 曙光 5g游戏手机,2899.0,2021-09-09,http://item.jd.com/100010395381.html
2021-09-18,3399.0,京品手机realme 真我GT 骁龙888 120Hz屏幕 65W闪充 12GB+256GB 曙光 5g游戏手机,2899.0,2021-09-09,http://item.jd.com/100010395381.html
2021-09-19,3399.0,京品手机realme 真我GT 骁龙888 120Hz屏幕 65W闪充 12GB+256GB 曙光 5g游戏手机,2899.0,2021-09-09,http://item.jd.com/100010395381.html
2021-09-19,3399.0,京品手机realme 真我GT 骁龙888 120Hz屏幕 65W闪充 12GB+256GB 曙光 5g游戏手机,2899.0,2021-09-09,http://item.jd.com/100010395381.html
2021-09-20,3399.0,京品手机realme 真我GT 骁龙888 120Hz屏幕 65W闪充 12GB+256GB 曙光 5g游戏手机,2899.0,2021-09-09,http://item.jd.com/100010395381.html
